timestamp,cpu_temp,cpu_percent,event
2024-01-01 00:00:00,45.31,4.5,NORMAL
2024-01-01 00:01:00,47.58,5.1,NORMAL
2024-01-01 00:02:00,44.17,10.7,NORMAL
2024-01-01 00:03:00,74.7,72.4,NORMAL
2024-01-01 00:04:00,58.14,27.1,NORMAL
2024-01-01 00:05:00,55.25,29.2,NORMAL
2024-01-01 00:06:00,44.97,6.9,NORMAL
2024-01-01 00:07:00,58.77,32.3,NORMAL
2024-01-01 00:08:00,55.37,23.5,NORMAL
2024-01-01 00:09:00,56.0,19.2,NORMAL
2024-01-01 00:10:00,45.4,10.9,NORMAL
2024-01-01 00:11:00,47.63,11.4,NORMAL
2024-01-01 00:12:00,46.15,6.8,NORMAL
2024-01-01 00:13:00,42.57,1.7,NORMAL
2024-01-01 00:14:00,69.99,70.1,NORMAL
2024-01-01 00:15:00,48.45,14.3,NORMAL
2024-01-01 00:16:00,46.55,11.5,NORMAL
2024-01-01 00:17:00,45.69,16.3,NORMAL
2024-01-01 00:18:00,47.0,8.4,NORMAL
2024-01-01 00:19:00,45.37,14.3,NORMAL
2024-01-01 00:20:00,47.56,8.4,NORMAL
2024-01-01 00:21:00,44.13,12.8,NORMAL
2024-01-01 00:22:00,77.19,70.8,NORMAL
2024-01-01 00:23:00,46.81,12.9,NORMAL
2024-01-01 00:24:00,46.28,8.8,NORMAL
2024-01-01 00:25:00,45.04,13.0,NORMAL
2024-01-01 00:26:00,45.04,10.0,NORMAL
2024-01-01 00:27:00,56.43,36.7,NORMAL
2024-01-01 00:28:00,90.07,100.0,THROTTLE
2024-01-01 00:29:00,44.4,7.8,NORMAL
2024-01-01 00:30:00,45.47,10.7,NORMAL
2024-01-01 00:31:00,72.21,64.3,NORMAL
2024-01-01 00:32:00,44.18,12.8,NORMAL
2024-01-01 00:33:00,91.99,92.2,THROTTLE
2024-01-01 00:34:00,72.3,76.5,NORMAL
2024-01-01 00:35:00,44.24,7.4,NORMAL
2024-01-01 00:36:00,44.67,9.8,NORMAL
2024-01-01 00:37:00,46.49,6.7,NORMAL
2024-01-01 00:38:00,41.23,10.5,NORMAL
2024-01-01 00:39:00,58.97,20.7,NORMAL
2024-01-01 00:40:00,72.64,65.1,NORMAL
2024-01-01 00:41:00,72.64,62.1,NORMAL
2024-01-01 00:42:00,73.04,67.4,NORMAL
2024-01-01 00:43:00,71.99,68.2,NORMAL
2024-01-01 00:44:00,94.95,100.0,THROTTLE
2024-01-01 00:45:00,47.14,6.5,NORMAL
2024-01-01 00:46:00,72.4,67.6,NORMAL
2024-01-01 00:47:00,56.88,33.0,NORMAL
2024-01-01 00:48:00,54.22,27.6,NORMAL
2024-01-01 00:49:00,46.37,9.8,NORMAL
2024-01-01 00:50:00,59.78,42.8,NORMAL
2024-01-01 00:51:00,49.64,12.9,NORMAL
2024-01-01 00:52:00,46.22,14.0,NORMAL
2024-01-01 00:53:00,48.16,2.2,NORMAL
2024-01-01 00:54:00,48.14,12.2,NORMAL
2024-01-01 00:55:00,42.82,7.9,NORMAL
2024-01-01 00:56:00,74.54,67.0,NORMAL
2024-01-01 00:57:00,58.43,24.1,NORMAL
2024-01-01 00:58:00,57.87,38.0,NORMAL
2024-01-01 00:59:00,43.19,12.1,NORMAL
2024-01-01 01:00:00,43.73,10.9,NORMAL
2024-01-01 01:01:00,60.22,28.1,NORMAL
2024-01-01 01:02:00,72.98,70.5,NORMAL
2024-01-01 01:03:00,56.03,34.7,NORMAL
2024-01-01 01:04:00,92.56,100.0,THROTTLE
2024-01-01 01:05:00,44.05,11.4,NORMAL
2024-01-01 01:06:00,44.29,12.1,NORMAL
2024-01-01 01:07:00,49.28,12.6,NORMAL
2024-01-01 01:08:00,46.14,13.4,NORMAL
2024-01-01 01:09:00,43.49,6.2,NORMAL
2024-01-01 01:10:00,55.29,37.0,NORMAL
2024-01-01 01:11:00,45.27,10.6,NORMAL
2024-01-01 01:12:00,58.33,34.4,NORMAL
2024-01-01 01:13:00,44.27,15.1,NORMAL
2024-01-01 01:14:00,47.58,9.3,NORMAL
2024-01-01 01:15:00,59.58,31.3,NORMAL
2024-01-01 01:16:00,55.79,30.4,NORMAL
2024-01-01 01:17:00,56.38,34.1,NORMAL
2024-01-01 01:18:00,74.05,64.4,NORMAL
2024-01-01 01:19:00,43.38,14.7,NORMAL
2024-01-01 01:20:00,46.28,13.4,NORMAL
2024-01-01 01:21:00,42.94,5.9,NORMAL
2024-01-01 01:22:00,47.63,12.3,NORMAL
2024-01-01 01:23:00,45.84,3.6,NORMAL
2024-01-01 01:24:00,45.66,8.5,NORMAL
2024-01-01 01:25:00,71.37,74.2,NORMAL
2024-01-01 01:26:00,58.45,32.3,NORMAL
2024-01-01 01:27:00,58.73,30.2,NORMAL
2024-01-01 01:28:00,43.04,13.0,NORMAL
2024-01-01 01:29:00,42.49,7.8,NORMAL
2024-01-01 01:30:00,55.68,34.7,NORMAL
2024-01-01 01:31:00,45.77,15.3,NORMAL
2024-01-01 01:32:00,45.89,10.3,NORMAL
2024-01-01 01:33:00,44.73,6.0,NORMAL
2024-01-01 01:34:00,44.27,7.7,NORMAL
2024-01-01 01:35:00,72.16,61.9,NORMAL
2024-01-01 01:36:00,63.21,36.8,NORMAL
2024-01-01 01:37:00,43.23,12.3,NORMAL
2024-01-01 01:38:00,40.15,12.2,NORMAL
2024-01-01 01:39:00,46.99,1.6,NORMAL
2024-01-01 01:40:00,55.56,35.0,NORMAL
2024-01-01 01:41:00,59.77,32.4,NORMAL
2024-01-01 01:42:00,46.27,12.1,NORMAL
2024-01-01 01:43:00,46.61,10.2,NORMAL
2024-01-01 01:44:00,44.31,10.7,NORMAL
2024-01-01 01:45:00,91.95,100.0,THROTTLE
2024-01-01 01:46:00,46.31,3.6,NORMAL
2024-01-01 01:47:00,46.74,0.2,NORMAL
2024-01-01 01:48:00,92.65,100.0,THROTTLE
2024-01-01 01:49:00,46.89,11.3,NORMAL
2024-01-01 01:50:00,71.69,59.6,NORMAL
2024-01-01 01:51:00,58.02,26.3,NORMAL
2024-01-01 01:52:00,42.73,5.6,NORMAL
2024-01-01 01:53:00,89.44,94.2,THROTTLE
2024-01-01 01:54:00,44.58,7.5,NORMAL
2024-01-01 01:55:00,44.61,8.1,NORMAL
2024-01-01 01:56:00,45.15,12.8,NORMAL
2024-01-01 01:57:00,43.91,8.2,NORMAL
2024-01-01 01:58:00,55.63,37.1,NORMAL
2024-01-01 01:59:00,44.92,4.1,NORMAL
2024-01-01 02:00:00,41.23,8.2,NORMAL
2024-01-01 02:01:00,47.29,16.4,NORMAL
2024-01-01 02:02:00,46.62,4.4,NORMAL
2024-01-01 02:03:00,74.08,70.0,NORMAL
2024-01-01 02:04:00,50.02,13.2,NORMAL
2024-01-01 02:05:00,47.01,7.2,NORMAL
2024-01-01 02:06:00,72.54,64.8,NORMAL
2024-01-01 02:07:00,88.2,98.5,THROTTLE
2024-01-01 02:08:00,46.98,8.7,NORMAL
2024-01-01 02:09:00,45.9,11.0,NORMAL
2024-01-01 02:10:00,46.11,15.5,NORMAL
2024-01-01 02:11:00,47.12,1.7,NORMAL
2024-01-01 02:12:00,91.13,100.0,THROTTLE
2024-01-01 02:13:00,43.62,5.1,NORMAL
2024-01-01 02:14:00,43.91,10.4,NORMAL
2024-01-01 02:15:00,72.88,68.2,NORMAL
2024-01-01 02:16:00,46.0,14.7,NORMAL
2024-01-01 02:17:00,75.17,70.9,NORMAL
2024-01-01 02:18:00,57.33,34.1,NORMAL
2024-01-01 02:19:00,44.66,7.3,NORMAL
2024-01-01 02:20:00,44.48,7.9,NORMAL
2024-01-01 02:21:00,48.94,7.2,NORMAL
2024-01-01 02:22:00,46.6,7.4,NORMAL
2024-01-01 02:23:00,44.18,8.7,NORMAL
2024-01-01 02:24:00,45.73,9.8,NORMAL
2024-01-01 02:25:00,55.72,36.8,NORMAL
2024-01-01 02:26:00,44.17,0.1,NORMAL
2024-01-01 02:27:00,60.69,23.0,NORMAL
2024-01-01 02:28:00,60.71,26.3,NORMAL
2024-01-01 02:29:00,45.05,6.1,NORMAL
2024-01-01 02:30:00,46.64,7.9,NORMAL
2024-01-01 02:31:00,44.85,2.5,NORMAL
2024-01-01 02:32:00,89.28,100.0,THROTTLE
2024-01-01 02:33:00,42.15,18.9,NORMAL
2024-01-01 02:34:00,43.76,12.6,NORMAL
2024-01-01 02:35:00,44.97,12.0,NORMAL
2024-01-01 02:36:00,45.26,17.5,NORMAL
2024-01-01 02:37:00,54.43,34.7,NORMAL
2024-01-01 02:38:00,56.46,37.6,NORMAL
2024-01-01 02:39:00,58.8,37.4,NORMAL
2024-01-01 02:40:00,58.62,28.2,NORMAL
2024-01-01 02:41:00,46.55,7.7,NORMAL
2024-01-01 02:42:00,58.23,38.2,NORMAL
2024-01-01 02:43:00,46.01,5.1,NORMAL
2024-01-01 02:44:00,41.47,8.6,NORMAL
2024-01-01 02:45:00,47.93,10.9,NORMAL
2024-01-01 02:46:00,44.49,1.5,NORMAL
2024-01-01 02:47:00,59.03,27.9,NORMAL
2024-01-01 02:48:00,55.44,33.6,NORMAL
2024-01-01 02:49:00,46.2,4.6,NORMAL
2024-01-01 02:50:00,45.8,12.4,NORMAL
2024-01-01 02:51:00,45.97,7.5,NORMAL
2024-01-01 02:52:00,43.74,11.8,NORMAL
2024-01-01 02:53:00,45.1,11.1,NORMAL
2024-01-01 02:54:00,46.79,12.6,NORMAL
2024-01-01 02:55:00,56.59,27.5,NORMAL
2024-01-01 02:56:00,47.44,12.4,NORMAL
2024-01-01 02:57:00,74.94,65.6,NORMAL
2024-01-01 02:58:00,59.8,35.0,NORMAL
2024-01-01 02:59:00,94.62,100.0,THROTTLE
2024-01-01 03:00:00,43.23,3.1,NORMAL
2024-01-01 03:01:00,58.83,34.9,NORMAL
2024-01-01 03:02:00,56.7,35.0,NORMAL
2024-01-01 03:03:00,48.58,12.5,NORMAL
2024-01-01 03:04:00,44.61,14.8,NORMAL
2024-01-01 03:05:00,73.74,62.6,NORMAL
2024-01-01 03:06:00,45.97,12.7,NORMAL
2024-01-01 03:07:00,45.18,11.2,NORMAL
2024-01-01 03:08:00,45.18,10.6,NORMAL
2024-01-01 03:09:00,43.95,15.7,NORMAL
2024-01-01 03:10:00,47.31,10.9,NORMAL
2024-01-01 03:11:00,58.97,29.9,NORMAL
2024-01-01 03:12:00,43.4,0.6,NORMAL
2024-01-01 03:13:00,39.48,8.8,NORMAL
2024-01-01 03:14:00,46.53,11.5,NORMAL
2024-01-01 03:15:00,45.01,9.1,NORMAL
2024-01-01 03:16:00,45.1,12.1,NORMAL
2024-01-01 03:17:00,42.56,7.9,NORMAL
2024-01-01 03:18:00,56.49,41.0,NORMAL
2024-01-01 03:19:00,44.58,6.7,NORMAL
2024-01-01 03:20:00,46.25,9.2,NORMAL
2024-01-01 03:21:00,47.08,11.5,NORMAL
2024-01-01 03:22:00,47.0,0.6,NORMAL
2024-01-01 03:23:00,55.48,35.8,NORMAL
2024-01-01 03:24:00,45.74,6.1,NORMAL
2024-01-01 03:25:00,45.14,11.4,NORMAL
2024-01-01 03:26:00,44.15,12.1,NORMAL
2024-01-01 03:27:00,60.82,33.2,NORMAL
2024-01-01 03:28:00,46.83,12.9,NORMAL
2024-01-01 03:29:00,55.57,40.8,NORMAL
2024-01-01 03:30:00,44.77,11.0,NORMAL
2024-01-01 03:31:00,44.72,7.8,NORMAL
2024-01-01 03:32:00,54.93,46.2,NORMAL
2024-01-01 03:33:00,45.31,9.8,NORMAL
2024-01-01 03:34:00,57.32,31.6,NORMAL
2024-01-01 03:35:00,56.54,33.8,NORMAL
2024-01-01 03:36:00,43.91,7.4,NORMAL
2024-01-01 03:37:00,47.33,16.1,NORMAL
2024-01-01 03:38:00,72.69,64.9,NORMAL
2024-01-01 03:39:00,40.57,5.6,NORMAL
2024-01-01 03:40:00,45.28,14.5,NORMAL
2024-01-01 03:41:00,46.88,0.0,NORMAL
2024-01-01 03:42:00,47.38,11.2,NORMAL
2024-01-01 03:43:00,42.49,2.0,NORMAL
2024-01-01 03:44:00,92.03,100.0,THROTTLE
2024-01-01 03:45:00,39.79,19.4,NORMAL
2024-01-01 03:46:00,56.94,21.7,NORMAL
2024-01-01 03:47:00,43.33,10.7,NORMAL
2024-01-01 03:48:00,58.87,38.6,NORMAL
2024-01-01 03:49:00,46.93,2.6,NORMAL
2024-01-01 03:50:00,57.32,34.5,NORMAL
2024-01-01 03:51:00,44.28,5.8,NORMAL
2024-01-01 03:52:00,54.27,34.2,NORMAL
2024-01-01 03:53:00,46.11,4.9,NORMAL
2024-01-01 03:54:00,45.34,7.4,NORMAL
2024-01-01 03:55:00,43.06,14.0,NORMAL
2024-01-01 03:56:00,44.85,8.3,NORMAL
2024-01-01 03:57:00,46.84,15.8,NORMAL
2024-01-01 03:58:00,44.62,3.3,NORMAL
2024-01-01 03:59:00,93.18,100.0,THROTTLE
2024-01-01 04:00:00,47.02,5.9,NORMAL
2024-01-01 04:01:00,72.21,70.4,NORMAL
2024-01-01 04:02:00,46.99,12.0,NORMAL
2024-01-01 04:03:00,45.12,14.1,NORMAL
2024-01-01 04:04:00,44.81,7.7,NORMAL
2024-01-01 04:05:00,54.2,29.8,NORMAL
2024-01-01 04:06:00,68.21,71.7,NORMAL
2024-01-01 04:07:00,45.11,14.4,NORMAL
2024-01-01 04:08:00,41.87,7.6,NORMAL
2024-01-01 04:09:00,45.38,4.2,NORMAL
2024-01-01 04:10:00,88.62,100.0,THROTTLE
2024-01-01 04:11:00,46.57,13.6,NORMAL
2024-01-01 04:12:00,45.7,15.6,NORMAL
2024-01-01 04:13:00,44.74,4.1,NORMAL
2024-01-01 04:14:00,49.47,4.1,NORMAL
2024-01-01 04:15:00,71.77,72.3,NORMAL
2024-01-01 04:16:00,43.38,17.1,NORMAL
2024-01-01 04:17:00,40.99,17.3,NORMAL
2024-01-01 04:18:00,44.3,3.8,NORMAL
2024-01-01 04:19:00,60.12,24.8,NORMAL
2024-01-01 04:20:00,44.92,9.3,NORMAL
2024-01-01 04:21:00,43.0,10.8,NORMAL
2024-01-01 04:22:00,45.43,8.5,NORMAL
2024-01-01 04:23:00,94.12,100.0,THROTTLE
2024-01-01 04:24:00,56.15,28.7,NORMAL
2024-01-01 04:25:00,41.8,12.0,NORMAL
2024-01-01 04:26:00,56.38,47.2,NORMAL
2024-01-01 04:27:00,69.51,67.3,NORMAL
2024-01-01 04:28:00,42.95,7.0,NORMAL
2024-01-01 04:29:00,43.25,6.3,NORMAL
2024-01-01 04:30:00,43.15,10.2,NORMAL
2024-01-01 04:31:00,43.33,17.4,NORMAL
2024-01-01 04:32:00,45.55,2.6,NORMAL
2024-01-01 04:33:00,41.7,8.4,NORMAL
2024-01-01 04:34:00,91.94,96.5,THROTTLE
2024-01-01 04:35:00,45.94,2.8,NORMAL
2024-01-01 04:36:00,74.6,70.6,NORMAL
2024-01-01 04:37:00,42.51,6.3,NORMAL
2024-01-01 04:38:00,46.92,9.5,NORMAL
2024-01-01 04:39:00,43.53,9.3,NORMAL
2024-01-01 04:40:00,45.84,4.8,NORMAL
2024-01-01 04:41:00,57.54,36.6,NORMAL
2024-01-01 04:42:00,57.94,29.5,NORMAL
2024-01-01 04:43:00,57.02,35.3,NORMAL
2024-01-01 04:44:00,46.43,2.9,NORMAL
2024-01-01 04:45:00,72.16,65.7,NORMAL
2024-01-01 04:46:00,56.99,38.7,NORMAL
2024-01-01 04:47:00,91.14,100.0,THROTTLE
2024-01-01 04:48:00,70.18,63.4,NORMAL
2024-01-01 04:49:00,54.01,31.8,NORMAL
2024-01-01 04:50:00,47.56,14.7,NORMAL
2024-01-01 04:51:00,42.89,11.1,NORMAL
2024-01-01 04:52:00,73.53,72.2,NORMAL
2024-01-01 04:53:00,43.6,13.2,NORMAL
2024-01-01 04:54:00,45.68,0.0,NORMAL
2024-01-01 04:55:00,45.58,8.1,NORMAL
2024-01-01 04:56:00,49.01,10.6,NORMAL
2024-01-01 04:57:00,45.37,15.1,NORMAL
2024-01-01 04:58:00,46.44,10.6,NORMAL
2024-01-01 04:59:00,42.04,0.6,NORMAL
2024-01-01 05:00:00,44.13,1.2,NORMAL
2024-01-01 05:01:00,46.44,5.4,NORMAL
2024-01-01 05:02:00,76.74,64.2,NORMAL
2024-01-01 05:03:00,58.15,31.0,NORMAL
2024-01-01 05:04:00,56.94,34.2,NORMAL
2024-01-01 05:05:00,91.93,100.0,THROTTLE
2024-01-01 05:06:00,50.59,14.7,NORMAL
2024-01-01 05:07:00,46.28,14.2,NORMAL
2024-01-01 05:08:00,46.09,12.7,NORMAL
2024-01-01 05:09:00,47.22,9.4,NORMAL
2024-01-01 05:10:00,58.39,27.3,NORMAL
2024-01-01 05:11:00,56.8,31.0,NORMAL
2024-01-01 05:12:00,44.34,16.7,NORMAL
2024-01-01 05:13:00,72.12,76.0,NORMAL
2024-01-01 05:14:00,46.33,1.1,NORMAL
2024-01-01 05:15:00,40.78,0.0,NORMAL
2024-01-01 05:16:00,48.57,8.4,NORMAL
2024-01-01 05:17:00,46.7,7.7,NORMAL
2024-01-01 05:18:00,44.44,13.8,NORMAL
2024-01-01 05:19:00,91.39,100.0,THROTTLE
2024-01-01 05:20:00,74.52,66.7,NORMAL
2024-01-01 05:21:00,73.45,60.6,NORMAL
2024-01-01 05:22:00,44.04,14.8,NORMAL
2024-01-01 05:23:00,45.86,12.5,NORMAL
2024-01-01 05:24:00,42.09,8.6,NORMAL
2024-01-01 05:25:00,47.09,21.6,NORMAL
2024-01-01 05:26:00,54.35,22.4,NORMAL
2024-01-01 05:27:00,57.49,28.0,NORMAL
2024-01-01 05:28:00,45.34,10.9,NORMAL
2024-01-01 05:29:00,46.2,10.9,NORMAL
2024-01-01 05:30:00,45.38,15.1,NORMAL
2024-01-01 05:31:00,47.64,12.2,NORMAL
2024-01-01 05:32:00,44.01,13.4,NORMAL
2024-01-01 05:33:00,57.99,27.1,NORMAL
2024-01-01 05:34:00,45.7,10.8,NORMAL
2024-01-01 05:35:00,46.09,8.5,NORMAL
2024-01-01 05:36:00,46.67,6.7,NORMAL
2024-01-01 05:37:00,44.15,8.7,NORMAL
2024-01-01 05:38:00,43.4,14.5,NORMAL
2024-01-01 05:39:00,58.49,31.7,NORMAL
2024-01-01 05:40:00,44.07,7.8,NORMAL
2024-01-01 05:41:00,44.75,15.9,NORMAL
2024-01-01 05:42:00,45.94,5.5,NORMAL
2024-01-01 05:43:00,46.89,5.4,NORMAL
2024-01-01 05:44:00,74.08,63.7,NORMAL
2024-01-01 05:45:00,47.75,13.5,NORMAL
2024-01-01 05:46:00,43.81,17.5,NORMAL
2024-01-01 05:47:00,44.79,2.3,NORMAL
2024-01-01 05:48:00,75.19,68.2,NORMAL
2024-01-01 05:49:00,45.2,3.5,NORMAL
2024-01-01 05:50:00,43.98,7.0,NORMAL
2024-01-01 05:51:00,74.2,66.9,NORMAL
2024-01-01 05:52:00,48.77,4.5,NORMAL
2024-01-01 05:53:00,45.84,9.5,NORMAL
2024-01-01 05:54:00,91.49,100.0,THROTTLE
2024-01-01 05:55:00,70.73,72.0,NORMAL
2024-01-01 05:56:00,43.63,7.3,NORMAL
2024-01-01 05:57:00,44.86,7.1,NORMAL
2024-01-01 05:58:00,72.9,69.7,NORMAL
2024-01-01 05:59:00,44.35,17.8,NORMAL
2024-01-01 06:00:00,42.99,11.7,NORMAL
2024-01-01 06:01:00,45.62,15.2,NORMAL
2024-01-01 06:02:00,44.08,14.6,NORMAL
2024-01-01 06:03:00,77.1,65.0,NORMAL
2024-01-01 06:04:00,42.82,20.4,NORMAL
2024-01-01 06:05:00,44.31,10.9,NORMAL
2024-01-01 06:06:00,45.92,11.7,NORMAL
2024-01-01 06:07:00,43.52,7.3,NORMAL
2024-01-01 06:08:00,41.71,14.0,NORMAL
2024-01-01 06:09:00,92.87,100.0,THROTTLE
2024-01-01 06:10:00,47.84,4.4,NORMAL
2024-01-01 06:11:00,54.97,37.4,NORMAL
2024-01-01 06:12:00,47.47,13.8,NORMAL
2024-01-01 06:13:00,45.67,9.8,NORMAL
2024-01-01 06:14:00,57.6,36.0,NORMAL
2024-01-01 06:15:00,44.68,2.8,NORMAL
2024-01-01 06:16:00,42.81,8.8,NORMAL
2024-01-01 06:17:00,43.49,6.6,NORMAL
2024-01-01 06:18:00,46.7,12.0,NORMAL
2024-01-01 06:19:00,45.6,19.0,NORMAL
2024-01-01 06:20:00,43.7,14.7,NORMAL
2024-01-01 06:21:00,43.24,8.0,NORMAL
2024-01-01 06:22:00,42.6,6.7,NORMAL
2024-01-01 06:23:00,40.45,5.7,NORMAL
2024-01-01 06:24:00,46.86,9.3,NORMAL
2024-01-01 06:25:00,44.29,0.5,NORMAL
2024-01-01 06:26:00,43.4,5.5,NORMAL
2024-01-01 06:27:00,53.68,36.7,NORMAL
2024-01-01 06:28:00,56.12,34.0,NORMAL
2024-01-01 06:29:00,55.8,26.1,NORMAL
2024-01-01 06:30:00,57.37,27.8,NORMAL
2024-01-01 06:31:00,59.15,33.5,NORMAL
2024-01-01 06:32:00,42.93,9.5,NORMAL
2024-01-01 06:33:00,40.3,9.5,NORMAL
2024-01-01 06:34:00,40.66,11.8,NORMAL
2024-01-01 06:35:00,42.7,13.1,NORMAL
2024-01-01 06:36:00,39.53,16.2,NORMAL
2024-01-01 06:37:00,43.47,8.9,NORMAL
2024-01-01 06:38:00,46.15,1.3,NORMAL
2024-01-01 06:39:00,73.0,72.6,NORMAL
2024-01-01 06:40:00,47.55,6.8,NORMAL
2024-01-01 06:41:00,47.53,5.6,NORMAL
2024-01-01 06:42:00,48.65,12.2,NORMAL
2024-01-01 06:43:00,47.18,13.0,NORMAL
2024-01-01 06:44:00,46.05,11.6,NORMAL
2024-01-01 06:45:00,57.47,36.6,NORMAL
2024-01-01 06:46:00,45.57,10.5,NORMAL
2024-01-01 06:47:00,46.92,18.8,NORMAL
2024-01-01 06:48:00,57.69,35.5,NORMAL
2024-01-01 06:49:00,46.48,6.0,NORMAL
2024-01-01 06:50:00,42.15,11.8,NORMAL
2024-01-01 06:51:00,44.89,8.3,NORMAL
2024-01-01 06:52:00,74.93,63.4,NORMAL
2024-01-01 06:53:00,44.82,3.3,NORMAL
2024-01-01 06:54:00,49.89,0.0,NORMAL
2024-01-01 06:55:00,44.18,15.6,NORMAL
2024-01-01 06:56:00,76.9,64.5,NORMAL
2024-01-01 06:57:00,46.21,13.8,NORMAL
2024-01-01 06:58:00,56.56,33.8,NORMAL
2024-01-01 06:59:00,46.87,19.7,NORMAL
2024-01-01 07:00:00,56.32,34.8,NORMAL
2024-01-01 07:01:00,47.75,8.7,NORMAL
2024-01-01 07:02:00,57.3,34.2,NORMAL
2024-01-01 07:03:00,47.36,14.8,NORMAL
2024-01-01 07:04:00,92.19,100.0,THROTTLE
2024-01-01 07:05:00,42.94,12.9,NORMAL
2024-01-01 07:06:00,45.79,15.9,NORMAL
2024-01-01 07:07:00,47.01,13.6,NORMAL
2024-01-01 07:08:00,43.19,9.9,NORMAL
2024-01-01 07:09:00,43.58,2.9,NORMAL
2024-01-01 07:10:00,46.86,4.4,NORMAL
2024-01-01 07:11:00,74.22,69.1,NORMAL
2024-01-01 07:12:00,47.1,1.1,NORMAL
2024-01-01 07:13:00,59.92,30.3,NORMAL
2024-01-01 07:14:00,48.48,12.8,NORMAL
2024-01-01 07:15:00,48.15,3.9,NORMAL
2024-01-01 07:16:00,43.05,2.4,NORMAL
2024-01-01 07:17:00,95.75,100.0,THROTTLE
2024-01-01 07:18:00,46.17,6.4,NORMAL
2024-01-01 07:19:00,74.27,62.3,NORMAL
2024-01-01 07:20:00,52.9,35.4,NORMAL
2024-01-01 07:21:00,56.42,32.0,NORMAL
2024-01-01 07:22:00,47.14,0.5,NORMAL
2024-01-01 07:23:00,90.87,100.0,THROTTLE
2024-01-01 07:24:00,46.31,10.2,NORMAL
2024-01-01 07:25:00,43.74,13.2,NORMAL
2024-01-01 07:26:00,47.93,0.0,NORMAL
2024-01-01 07:27:00,44.59,12.5,NORMAL
2024-01-01 07:28:00,44.66,8.0,NORMAL
2024-01-01 07:29:00,44.42,0.0,NORMAL
2024-01-01 07:30:00,54.52,28.3,NORMAL
2024-01-01 07:31:00,56.06,33.8,NORMAL
2024-01-01 07:32:00,45.4,7.6,NORMAL
2024-01-01 07:33:00,71.99,62.6,NORMAL
2024-01-01 07:34:00,55.84,35.7,NORMAL
2024-01-01 07:35:00,92.84,100.0,THROTTLE
2024-01-01 07:36:00,58.8,31.5,NORMAL
2024-01-01 07:37:00,57.95,39.7,NORMAL
2024-01-01 07:38:00,43.47,0.0,NORMAL
2024-01-01 07:39:00,57.38,37.9,NORMAL
2024-01-01 07:40:00,46.23,7.8,NORMAL
2024-01-01 07:41:00,42.66,15.5,NORMAL
2024-01-01 07:42:00,88.85,100.0,THROTTLE
2024-01-01 07:43:00,48.44,5.3,NORMAL
2024-01-01 07:44:00,44.02,10.0,NORMAL
2024-01-01 07:45:00,46.24,9.1,NORMAL
2024-01-01 07:46:00,47.19,13.3,NORMAL
2024-01-01 07:47:00,42.85,11.2,NORMAL
2024-01-01 07:48:00,42.26,10.2,NORMAL
2024-01-01 07:49:00,72.31,71.1,NORMAL
2024-01-01 07:50:00,44.26,6.4,NORMAL
2024-01-01 07:51:00,42.08,0.8,NORMAL
2024-01-01 07:52:00,45.27,9.5,NORMAL
2024-01-01 07:53:00,71.7,70.1,NORMAL
2024-01-01 07:54:00,56.4,35.8,NORMAL
2024-01-01 07:55:00,46.84,2.7,NORMAL
2024-01-01 07:56:00,44.93,2.2,NORMAL
2024-01-01 07:57:00,48.63,10.0,NORMAL
2024-01-01 07:58:00,72.11,63.5,NORMAL
2024-01-01 07:59:00,42.89,10.3,NORMAL
2024-01-01 08:00:00,75.04,68.9,NORMAL
2024-01-01 08:01:00,46.94,2.6,NORMAL
2024-01-01 08:02:00,56.57,23.9,NORMAL
2024-01-01 08:03:00,46.04,10.3,NORMAL
2024-01-01 08:04:00,44.81,8.8,NORMAL
2024-01-01 08:05:00,54.23,37.2,NORMAL
2024-01-01 08:06:00,72.52,65.3,NORMAL
2024-01-01 08:07:00,45.31,15.8,NORMAL
2024-01-01 08:08:00,71.12,68.1,NORMAL
2024-01-01 08:09:00,49.67,12.9,NORMAL
2024-01-01 08:10:00,44.77,10.3,NORMAL
2024-01-01 08:11:00,55.38,33.9,NORMAL
2024-01-01 08:12:00,47.7,14.1,NORMAL
2024-01-01 08:13:00,45.39,5.5,NORMAL
2024-01-01 08:14:00,57.5,35.8,NORMAL
2024-01-01 08:15:00,45.95,11.6,NORMAL
2024-01-01 08:16:00,73.06,61.8,NORMAL
2024-01-01 08:17:00,59.86,40.9,NORMAL
2024-01-01 08:18:00,45.71,16.0,NORMAL
2024-01-01 08:19:00,44.28,8.5,NORMAL
2024-01-01 08:20:00,60.36,31.1,NORMAL
2024-01-01 08:21:00,44.33,14.2,NORMAL
2024-01-01 08:22:00,44.81,9.4,NORMAL
2024-01-01 08:23:00,46.2,5.6,NORMAL
2024-01-01 08:24:00,45.74,12.3,NORMAL
2024-01-01 08:25:00,46.48,8.3,NORMAL
2024-01-01 08:26:00,45.37,15.1,NORMAL
2024-01-01 08:27:00,60.28,35.0,NORMAL
2024-01-01 08:28:00,47.3,17.2,NORMAL
2024-01-01 08:29:00,53.68,41.6,NORMAL
2024-01-01 08:30:00,59.27,30.9,NORMAL
2024-01-01 08:31:00,45.03,8.9,NORMAL
2024-01-01 08:32:00,44.08,2.7,NORMAL
2024-01-01 08:33:00,43.51,20.0,NORMAL
2024-01-01 08:34:00,47.75,4.6,NORMAL
2024-01-01 08:35:00,45.19,12.9,NORMAL
2024-01-01 08:36:00,47.77,0.7,NORMAL
2024-01-01 08:37:00,48.21,12.1,NORMAL
2024-01-01 08:38:00,45.66,9.7,NORMAL
2024-01-01 08:39:00,71.65,66.4,NORMAL
2024-01-01 08:40:00,46.89,5.8,NORMAL
2024-01-01 08:41:00,88.05,100.0,THROTTLE
2024-01-01 08:42:00,45.0,9.5,NORMAL
2024-01-01 08:43:00,45.82,14.0,NORMAL
2024-01-01 08:44:00,47.01,9.5,NORMAL
2024-01-01 08:45:00,45.09,16.7,NORMAL
2024-01-01 08:46:00,41.97,11.4,NORMAL
2024-01-01 08:47:00,59.84,37.8,NORMAL
2024-01-01 08:48:00,75.61,70.8,NORMAL
2024-01-01 08:49:00,90.59,100.0,THROTTLE
2024-01-01 08:50:00,59.52,38.5,NORMAL
2024-01-01 08:51:00,44.57,6.5,NORMAL
2024-01-01 08:52:00,46.48,12.8,NORMAL
2024-01-01 08:53:00,47.42,0.0,NORMAL
2024-01-01 08:54:00,42.39,7.3,NORMAL
2024-01-01 08:55:00,44.47,11.8,NORMAL
2024-01-01 08:56:00,47.38,11.0,NORMAL
2024-01-01 08:57:00,48.92,8.0,NORMAL
2024-01-01 08:58:00,57.43,38.3,NORMAL
2024-01-01 08:59:00,55.26,33.1,NORMAL
2024-01-01 09:00:00,44.4,13.4,NORMAL
2024-01-01 09:01:00,41.31,11.3,NORMAL
2024-01-01 09:02:00,55.82,38.9,NORMAL
2024-01-01 09:03:00,43.87,0.0,NORMAL
2024-01-01 09:04:00,43.4,3.5,NORMAL
2024-01-01 09:05:00,56.46,45.1,NORMAL
2024-01-01 09:06:00,44.17,9.3,NORMAL
2024-01-01 09:07:00,42.13,13.9,NORMAL
2024-01-01 09:08:00,44.69,11.3,NORMAL
2024-01-01 09:09:00,89.35,100.0,THROTTLE
2024-01-01 09:10:00,47.92,5.9,NORMAL
2024-01-01 09:11:00,54.87,37.4,NORMAL
2024-01-01 09:12:00,44.63,5.7,NORMAL
2024-01-01 09:13:00,91.3,100.0,THROTTLE
2024-01-01 09:14:00,53.74,27.2,NORMAL
2024-01-01 09:15:00,61.44,34.0,NORMAL
2024-01-01 09:16:00,56.67,30.9,NORMAL
2024-01-01 09:17:00,57.41,30.3,NORMAL
2024-01-01 09:18:00,44.85,13.0,NORMAL
2024-01-01 09:19:00,57.42,35.1,NORMAL
2024-01-01 09:20:00,94.33,95.2,THROTTLE
2024-01-01 09:21:00,92.78,100.0,THROTTLE
2024-01-01 09:22:00,44.16,19.0,NORMAL
2024-01-01 09:23:00,47.54,13.7,NORMAL
2024-01-01 09:24:00,46.7,8.5,NORMAL
2024-01-01 09:25:00,45.67,9.4,NORMAL
2024-01-01 09:26:00,44.2,8.0,NORMAL
2024-01-01 09:27:00,61.1,28.8,NORMAL
2024-01-01 09:28:00,56.18,29.0,NORMAL
2024-01-01 09:29:00,44.01,18.0,NORMAL
2024-01-01 09:30:00,44.94,0.8,NORMAL
2024-01-01 09:31:00,44.34,9.3,NORMAL
2024-01-01 09:32:00,56.8,35.9,NORMAL
2024-01-01 09:33:00,71.25,61.1,NORMAL
2024-01-01 09:34:00,56.35,30.8,NORMAL
2024-01-01 09:35:00,43.67,12.8,NORMAL
2024-01-01 09:36:00,56.94,31.4,NORMAL
2024-01-01 09:37:00,44.08,16.3,NORMAL
2024-01-01 09:38:00,59.54,33.7,NORMAL
2024-01-01 09:39:00,88.45,100.0,THROTTLE
2024-01-01 09:40:00,41.52,21.9,NORMAL
2024-01-01 09:41:00,72.24,59.7,NORMAL
2024-01-01 09:42:00,56.51,37.6,NORMAL
2024-01-01 09:43:00,45.15,9.0,NORMAL
2024-01-01 09:44:00,45.94,13.9,NORMAL
2024-01-01 09:45:00,46.07,17.7,NORMAL
2024-01-01 09:46:00,72.8,62.4,NORMAL
2024-01-01 09:47:00,73.55,66.3,NORMAL
2024-01-01 09:48:00,45.13,6.1,NORMAL
2024-01-01 09:49:00,41.09,18.8,NORMAL
2024-01-01 09:50:00,45.26,18.3,NORMAL
2024-01-01 09:51:00,45.61,10.5,NORMAL
2024-01-01 09:52:00,43.97,19.5,NORMAL
2024-01-01 09:53:00,44.6,8.9,NORMAL
2024-01-01 09:54:00,87.73,100.0,THROTTLE
2024-01-01 09:55:00,58.46,37.5,NORMAL
2024-01-01 09:56:00,46.86,11.0,NORMAL
2024-01-01 09:57:00,41.17,11.8,NORMAL
2024-01-01 09:58:00,92.25,100.0,THROTTLE
2024-01-01 09:59:00,57.24,27.8,NORMAL
2024-01-01 10:00:00,93.14,100.0,THROTTLE
2024-01-01 10:01:00,45.45,12.7,NORMAL
2024-01-01 10:02:00,45.8,4.1,NORMAL
2024-01-01 10:03:00,43.82,11.8,NORMAL
2024-01-01 10:04:00,43.43,10.9,NORMAL
2024-01-01 10:05:00,58.54,28.2,NORMAL
2024-01-01 10:06:00,46.6,13.3,NORMAL
2024-01-01 10:07:00,44.53,4.8,NORMAL
2024-01-01 10:08:00,45.04,9.3,NORMAL
2024-01-01 10:09:00,46.7,10.7,NORMAL
2024-01-01 10:10:00,59.8,31.7,NORMAL
2024-01-01 10:11:00,43.79,3.6,NORMAL
2024-01-01 10:12:00,75.09,64.6,NORMAL
2024-01-01 10:13:00,55.62,42.2,NORMAL
2024-01-01 10:14:00,46.48,11.2,NORMAL
2024-01-01 10:15:00,53.41,24.9,NORMAL
2024-01-01 10:16:00,45.49,20.8,NORMAL
2024-01-01 10:17:00,44.83,19.6,NORMAL
2024-01-01 10:18:00,58.69,37.2,NORMAL
2024-01-01 10:19:00,46.11,13.9,NORMAL
2024-01-01 10:20:00,47.36,10.7,NORMAL
2024-01-01 10:21:00,43.98,7.0,NORMAL
2024-01-01 10:22:00,56.62,30.1,NORMAL
2024-01-01 10:23:00,43.77,7.3,NORMAL
2024-01-01 10:24:00,44.39,6.8,NORMAL
2024-01-01 10:25:00,56.42,33.3,NORMAL
2024-01-01 10:26:00,44.08,14.5,NORMAL
2024-01-01 10:27:00,43.42,7.4,NORMAL
2024-01-01 10:28:00,48.0,15.0,NORMAL
2024-01-01 10:29:00,47.54,5.6,NORMAL
2024-01-01 10:30:00,72.47,60.6,NORMAL
2024-01-01 10:31:00,44.67,2.4,NORMAL
2024-01-01 10:32:00,44.34,12.9,NORMAL
2024-01-01 10:33:00,47.75,9.4,NORMAL
2024-01-01 10:34:00,41.69,0.0,NORMAL
2024-01-01 10:35:00,42.91,7.7,NORMAL
2024-01-01 10:36:00,44.35,0.8,NORMAL
2024-01-01 10:37:00,42.22,11.2,NORMAL
2024-01-01 10:38:00,90.38,100.0,THROTTLE
2024-01-01 10:39:00,40.19,10.4,NORMAL
2024-01-01 10:40:00,44.01,19.5,NORMAL
2024-01-01 10:41:00,42.28,6.5,NORMAL
2024-01-01 10:42:00,45.4,5.8,NORMAL
2024-01-01 10:43:00,43.79,5.9,NORMAL
2024-01-01 10:44:00,43.59,12.0,NORMAL
2024-01-01 10:45:00,44.39,6.3,NORMAL
2024-01-01 10:46:00,46.73,15.1,NORMAL
2024-01-01 10:47:00,44.73,13.2,NORMAL
2024-01-01 10:48:00,57.52,34.0,NORMAL
2024-01-01 10:49:00,45.51,5.4,NORMAL
2024-01-01 10:50:00,48.9,8.6,NORMAL
2024-01-01 10:51:00,46.13,7.8,NORMAL
2024-01-01 10:52:00,46.21,5.0,NORMAL
2024-01-01 10:53:00,44.58,12.0,NORMAL
2024-01-01 10:54:00,46.53,9.1,NORMAL
2024-01-01 10:55:00,45.56,0.0,NORMAL
2024-01-01 10:56:00,46.19,13.3,NORMAL
2024-01-01 10:57:00,46.12,18.0,NORMAL
2024-01-01 10:58:00,47.93,6.9,NORMAL
2024-01-01 10:59:00,45.32,5.3,NORMAL
2024-01-01 11:00:00,44.09,9.5,NORMAL
2024-01-01 11:01:00,40.61,5.6,NORMAL
2024-01-01 11:02:00,45.86,12.1,NORMAL
2024-01-01 11:03:00,46.16,13.9,NORMAL
2024-01-01 11:04:00,43.97,5.0,NORMAL
2024-01-01 11:05:00,44.8,10.8,NORMAL
2024-01-01 11:06:00,89.63,94.5,THROTTLE
2024-01-01 11:07:00,44.15,8.5,NORMAL
2024-01-01 11:08:00,48.26,5.0,NORMAL
2024-01-01 11:09:00,57.09,33.1,NORMAL
2024-01-01 11:10:00,47.58,16.6,NORMAL
2024-01-01 11:11:00,45.72,7.0,NORMAL
2024-01-01 11:12:00,47.52,17.7,NORMAL
2024-01-01 11:13:00,46.31,12.8,NORMAL
2024-01-01 11:14:00,56.99,34.7,NORMAL
2024-01-01 11:15:00,74.64,64.3,NORMAL
2024-01-01 11:16:00,46.05,14.9,NORMAL
2024-01-01 11:17:00,72.85,61.2,NORMAL
2024-01-01 11:18:00,76.9,73.5,NORMAL
2024-01-01 11:19:00,46.69,13.0,NORMAL
2024-01-01 11:20:00,48.15,12.0,NORMAL
2024-01-01 11:21:00,53.61,34.8,NORMAL
2024-01-01 11:22:00,46.57,8.5,NORMAL
2024-01-01 11:23:00,44.43,13.8,NORMAL
2024-01-01 11:24:00,46.69,8.8,NORMAL
2024-01-01 11:25:00,41.94,7.8,NORMAL
2024-01-01 11:26:00,73.69,61.9,NORMAL
2024-01-01 11:27:00,95.21,100.0,THROTTLE
2024-01-01 11:28:00,45.52,2.1,NORMAL
2024-01-01 11:29:00,69.79,64.5,NORMAL
2024-01-01 11:30:00,41.85,8.1,NORMAL
2024-01-01 11:31:00,42.09,13.5,NORMAL
2024-01-01 11:32:00,47.55,14.1,NORMAL
2024-01-01 11:33:00,45.43,6.7,NORMAL
2024-01-01 11:34:00,77.81,60.0,NORMAL
2024-01-01 11:35:00,44.32,8.3,NORMAL
2024-01-01 11:36:00,42.6,6.4,NORMAL
2024-01-01 11:37:00,43.3,2.0,NORMAL
2024-01-01 11:38:00,46.09,13.5,NORMAL
2024-01-01 11:39:00,41.91,13.0,NORMAL
2024-01-01 11:40:00,43.39,5.9,NORMAL
2024-01-01 11:41:00,48.88,6.4,NORMAL
2024-01-01 11:42:00,44.77,14.9,NORMAL
2024-01-01 11:43:00,45.57,11.6,NORMAL
2024-01-01 11:44:00,48.01,5.5,NORMAL
2024-01-01 11:45:00,69.31,65.8,NORMAL
2024-01-01 11:46:00,59.88,32.1,NORMAL
2024-01-01 11:47:00,45.04,12.8,NORMAL
2024-01-01 11:48:00,45.73,12.5,NORMAL
2024-01-01 11:49:00,47.08,7.9,NORMAL
2024-01-01 11:50:00,71.25,69.7,NORMAL
2024-01-01 11:51:00,57.45,29.9,NORMAL
2024-01-01 11:52:00,59.54,38.4,NORMAL
2024-01-01 11:53:00,70.36,67.0,NORMAL
2024-01-01 11:54:00,71.08,64.5,NORMAL
2024-01-01 11:55:00,47.49,12.3,NORMAL
2024-01-01 11:56:00,44.28,18.8,NORMAL
2024-01-01 11:57:00,45.93,14.1,NORMAL
2024-01-01 11:58:00,45.83,8.7,NORMAL
2024-01-01 11:59:00,75.61,69.4,NORMAL
2024-01-01 12:00:00,45.6,14.0,NORMAL
2024-01-01 12:01:00,43.19,1.8,NORMAL
2024-01-01 12:02:00,43.09,12.8,NORMAL
2024-01-01 12:03:00,43.16,11.6,NORMAL
2024-01-01 12:04:00,72.07,66.6,NORMAL
2024-01-01 12:05:00,43.44,11.1,NORMAL
2024-01-01 12:06:00,73.18,60.3,NORMAL
2024-01-01 12:07:00,44.63,4.2,NORMAL
2024-01-01 12:08:00,88.92,100.0,THROTTLE
2024-01-01 12:09:00,54.67,35.9,NORMAL
2024-01-01 12:10:00,44.46,14.0,NORMAL
2024-01-01 12:11:00,71.27,58.3,NORMAL
2024-01-01 12:12:00,46.41,16.6,NORMAL
2024-01-01 12:13:00,57.85,39.5,NORMAL
2024-01-01 12:14:00,49.67,10.9,NORMAL
2024-01-01 12:15:00,43.18,10.6,NORMAL
2024-01-01 12:16:00,72.74,69.7,NORMAL
2024-01-01 12:17:00,46.89,3.5,NORMAL
2024-01-01 12:18:00,41.84,8.9,NORMAL
2024-01-01 12:19:00,44.15,6.2,NORMAL
2024-01-01 12:20:00,58.74,33.1,NORMAL
2024-01-01 12:21:00,44.79,10.0,NORMAL
2024-01-01 12:22:00,48.12,8.2,NORMAL
2024-01-01 12:23:00,45.31,3.7,NORMAL
2024-01-01 12:24:00,75.68,70.8,NORMAL
2024-01-01 12:25:00,44.03,10.4,NORMAL
2024-01-01 12:26:00,46.35,7.8,NORMAL
2024-01-01 12:27:00,44.56,17.8,NORMAL
2024-01-01 12:28:00,43.8,10.1,NORMAL
2024-01-01 12:29:00,46.79,14.5,NORMAL
2024-01-01 12:30:00,43.61,9.8,NORMAL
2024-01-01 12:31:00,92.26,100.0,THROTTLE
2024-01-01 12:32:00,46.59,17.5,NORMAL
2024-01-01 12:33:00,47.19,14.4,NORMAL
2024-01-01 12:34:00,57.19,26.2,NORMAL
2024-01-01 12:35:00,48.26,2.3,NORMAL
2024-01-01 12:36:00,46.37,14.6,NORMAL
2024-01-01 12:37:00,48.93,17.9,NORMAL
2024-01-01 12:38:00,41.66,18.1,NORMAL
2024-01-01 12:39:00,45.86,12.8,NORMAL
2024-01-01 12:40:00,46.77,9.0,NORMAL
2024-01-01 12:41:00,55.99,38.7,NORMAL
2024-01-01 12:42:00,42.04,8.7,NORMAL
2024-01-01 12:43:00,42.81,9.9,NORMAL
2024-01-01 12:44:00,46.14,10.5,NORMAL
2024-01-01 12:45:00,47.43,9.4,NORMAL
2024-01-01 12:46:00,44.43,12.3,NORMAL
2024-01-01 12:47:00,45.11,15.0,NORMAL
2024-01-01 12:48:00,42.53,13.3,NORMAL
2024-01-01 12:49:00,45.45,15.8,NORMAL
2024-01-01 12:50:00,46.96,15.7,NORMAL
2024-01-01 12:51:00,58.28,36.2,NORMAL
2024-01-01 12:52:00,46.29,7.3,NORMAL
2024-01-01 12:53:00,42.47,13.3,NORMAL
2024-01-01 12:54:00,44.16,17.3,NORMAL
2024-01-01 12:55:00,45.11,14.1,NORMAL
2024-01-01 12:56:00,44.64,11.1,NORMAL
2024-01-01 12:57:00,71.08,70.8,NORMAL
2024-01-01 12:58:00,45.0,9.9,NORMAL
2024-01-01 12:59:00,44.79,7.0,NORMAL
2024-01-01 13:00:00,89.65,100.0,THROTTLE
2024-01-01 13:01:00,54.91,40.9,NORMAL
2024-01-01 13:02:00,44.88,10.7,NORMAL
2024-01-01 13:03:00,44.21,6.5,NORMAL
2024-01-01 13:04:00,42.41,10.0,NORMAL
2024-01-01 13:05:00,43.72,5.3,NORMAL
2024-01-01 13:06:00,48.73,3.1,NORMAL
2024-01-01 13:07:00,73.56,64.2,NORMAL
2024-01-01 13:08:00,44.05,17.2,NORMAL
2024-01-01 13:09:00,43.93,6.7,NORMAL
2024-01-01 13:10:00,73.66,64.5,NORMAL
2024-01-01 13:11:00,43.74,6.4,NORMAL
2024-01-01 13:12:00,39.17,10.3,NORMAL
2024-01-01 13:13:00,47.17,17.5,NORMAL
2024-01-01 13:14:00,44.37,4.8,NORMAL
2024-01-01 13:15:00,95.48,100.0,THROTTLE
2024-01-01 13:16:00,53.51,37.1,NORMAL
2024-01-01 13:17:00,90.88,100.0,THROTTLE
2024-01-01 13:18:00,42.87,7.8,NORMAL
2024-01-01 13:19:00,44.35,13.0,NORMAL
2024-01-01 13:20:00,45.23,8.5,NORMAL
2024-01-01 13:21:00,46.94,16.3,NORMAL
2024-01-01 13:22:00,41.94,8.1,NORMAL
2024-01-01 13:23:00,44.84,14.4,NORMAL
2024-01-01 13:24:00,45.26,10.5,NORMAL
2024-01-01 13:25:00,42.96,12.5,NORMAL
2024-01-01 13:26:00,55.73,32.3,NORMAL
2024-01-01 13:27:00,45.29,3.8,NORMAL
2024-01-01 13:28:00,39.84,10.8,NORMAL
2024-01-01 13:29:00,72.81,69.6,NORMAL
2024-01-01 13:30:00,45.67,7.7,NORMAL
2024-01-01 13:31:00,46.41,10.8,NORMAL
2024-01-01 13:32:00,44.34,11.6,NORMAL
2024-01-01 13:33:00,43.84,1.0,NORMAL
2024-01-01 13:34:00,56.92,32.7,NORMAL
2024-01-01 13:35:00,47.11,16.5,NORMAL
2024-01-01 13:36:00,69.37,64.8,NORMAL
2024-01-01 13:37:00,47.18,13.7,NORMAL
2024-01-01 13:38:00,45.5,5.3,NORMAL
2024-01-01 13:39:00,46.28,6.8,NORMAL
2024-01-01 13:40:00,58.21,31.0,NORMAL
2024-01-01 13:41:00,42.21,22.0,NORMAL
2024-01-01 13:42:00,57.61,31.2,NORMAL
2024-01-01 13:43:00,47.15,9.0,NORMAL
2024-01-01 13:44:00,44.96,5.7,NORMAL
2024-01-01 13:45:00,44.71,13.9,NORMAL
2024-01-01 13:46:00,57.6,41.3,NORMAL
2024-01-01 13:47:00,53.72,31.8,NORMAL
2024-01-01 13:48:00,42.26,9.3,NORMAL
2024-01-01 13:49:00,56.65,43.1,NORMAL
2024-01-01 13:50:00,43.45,10.2,NORMAL
2024-01-01 13:51:00,43.64,17.6,NORMAL
2024-01-01 13:52:00,93.57,100.0,THROTTLE
2024-01-01 13:53:00,45.42,15.4,NORMAL
2024-01-01 13:54:00,45.24,4.3,NORMAL
2024-01-01 13:55:00,55.81,30.2,NORMAL
2024-01-01 13:56:00,57.01,31.8,NORMAL
2024-01-01 13:57:00,43.92,11.9,NORMAL
2024-01-01 13:58:00,57.72,40.7,NORMAL
2024-01-01 13:59:00,44.86,8.1,NORMAL
2024-01-01 14:00:00,88.94,100.0,THROTTLE
2024-01-01 14:01:00,46.04,17.4,NORMAL
2024-01-01 14:02:00,43.6,16.0,NORMAL
2024-01-01 14:03:00,43.12,18.9,NORMAL
2024-01-01 14:04:00,52.69,40.4,NORMAL
2024-01-01 14:05:00,43.11,1.4,NORMAL
2024-01-01 14:06:00,56.15,32.6,NORMAL
2024-01-01 14:07:00,92.26,100.0,THROTTLE
2024-01-01 14:08:00,42.91,9.0,NORMAL
2024-01-01 14:09:00,56.5,34.0,NORMAL
2024-01-01 14:10:00,57.56,35.4,NORMAL
2024-01-01 14:11:00,45.98,12.7,NORMAL
2024-01-01 14:12:00,44.43,13.7,NORMAL
2024-01-01 14:13:00,56.32,30.2,NORMAL
2024-01-01 14:14:00,58.59,24.7,NORMAL
2024-01-01 14:15:00,42.2,17.7,NORMAL
2024-01-01 14:16:00,49.44,3.9,NORMAL
2024-01-01 14:17:00,43.3,13.1,NORMAL
2024-01-01 14:18:00,43.21,16.4,NORMAL
2024-01-01 14:19:00,74.05,67.9,NORMAL
2024-01-01 14:20:00,43.84,9.4,NORMAL
2024-01-01 14:21:00,56.05,35.4,NORMAL
2024-01-01 14:22:00,47.01,4.9,NORMAL
2024-01-01 14:23:00,42.43,8.4,NORMAL
2024-01-01 14:24:00,49.35,1.8,NORMAL
2024-01-01 14:25:00,47.25,13.8,NORMAL
2024-01-01 14:26:00,58.23,42.5,NORMAL
2024-01-01 14:27:00,44.99,16.4,NORMAL
2024-01-01 14:28:00,44.59,13.7,NORMAL
2024-01-01 14:29:00,43.51,10.1,NORMAL
2024-01-01 14:30:00,43.34,15.1,NORMAL
2024-01-01 14:31:00,44.3,7.1,NORMAL
2024-01-01 14:32:00,69.38,70.3,NORMAL
2024-01-01 14:33:00,43.13,10.7,NORMAL
2024-01-01 14:34:00,56.86,30.2,NORMAL
2024-01-01 14:35:00,46.58,7.4,NORMAL
2024-01-01 14:36:00,42.7,10.5,NORMAL
2024-01-01 14:37:00,47.31,10.1,NORMAL
2024-01-01 14:38:00,47.56,11.9,NORMAL
2024-01-01 14:39:00,45.08,12.5,NORMAL
2024-01-01 14:40:00,73.63,62.2,NORMAL
2024-01-01 14:41:00,56.13,35.4,NORMAL
2024-01-01 14:42:00,43.95,10.3,NORMAL
2024-01-01 14:43:00,48.69,5.2,NORMAL
2024-01-01 14:44:00,44.26,6.7,NORMAL
2024-01-01 14:45:00,42.19,9.9,NORMAL
2024-01-01 14:46:00,41.02,19.4,NORMAL
2024-01-01 14:47:00,70.41,61.6,NORMAL
2024-01-01 14:48:00,92.18,100.0,THROTTLE
2024-01-01 14:49:00,46.8,13.2,NORMAL
2024-01-01 14:50:00,47.76,0.0,NORMAL
2024-01-01 14:51:00,45.59,16.2,NORMAL
2024-01-01 14:52:00,44.72,10.3,NORMAL
2024-01-01 14:53:00,47.52,8.9,NORMAL
2024-01-01 14:54:00,54.8,30.2,NORMAL
2024-01-01 14:55:00,46.39,7.1,NORMAL
2024-01-01 14:56:00,56.22,33.2,NORMAL
2024-01-01 14:57:00,43.56,1.5,NORMAL
2024-01-01 14:58:00,45.16,10.4,NORMAL
2024-01-01 14:59:00,72.37,60.4,NORMAL
2024-01-01 15:00:00,39.79,0.8,NORMAL
2024-01-01 15:01:00,54.08,36.5,NORMAL
2024-01-01 15:02:00,40.71,9.3,NORMAL
2024-01-01 15:03:00,72.09,58.5,NORMAL
2024-01-01 15:04:00,58.75,39.2,NORMAL
2024-01-01 15:05:00,42.93,15.4,NORMAL
2024-01-01 15:06:00,42.06,5.0,NORMAL
2024-01-01 15:07:00,56.55,35.5,NORMAL
2024-01-01 15:08:00,73.29,71.3,NORMAL
2024-01-01 15:09:00,43.63,5.2,NORMAL
2024-01-01 15:10:00,56.17,40.7,NORMAL
2024-01-01 15:11:00,45.32,7.2,NORMAL
2024-01-01 15:12:00,44.64,4.8,NORMAL
2024-01-01 15:13:00,40.36,14.4,NORMAL
2024-01-01 15:14:00,72.56,68.7,NORMAL
2024-01-01 15:15:00,41.85,14.4,NORMAL
2024-01-01 15:16:00,45.57,17.9,NORMAL
2024-01-01 15:17:00,59.14,43.7,NORMAL
2024-01-01 15:18:00,58.02,34.5,NORMAL
2024-01-01 15:19:00,58.65,26.8,NORMAL
2024-01-01 15:20:00,43.64,13.4,NORMAL
2024-01-01 15:21:00,44.96,5.4,NORMAL
2024-01-01 15:22:00,91.19,100.0,THROTTLE
2024-01-01 15:23:00,42.5,8.0,NORMAL
2024-01-01 15:24:00,93.35,100.0,THROTTLE
2024-01-01 15:25:00,43.91,19.9,NORMAL
2024-01-01 15:26:00,43.91,7.0,NORMAL
2024-01-01 15:27:00,44.67,8.7,NORMAL
2024-01-01 15:28:00,44.31,7.1,NORMAL
2024-01-01 15:29:00,52.66,29.5,NORMAL
2024-01-01 15:30:00,44.82,19.2,NORMAL
2024-01-01 15:31:00,43.93,13.8,NORMAL
2024-01-01 15:32:00,56.63,34.8,NORMAL
2024-01-01 15:33:00,45.33,13.9,NORMAL
2024-01-01 15:34:00,48.26,6.4,NORMAL
2024-01-01 15:35:00,53.46,36.6,NORMAL
2024-01-01 15:36:00,45.07,12.3,NORMAL
2024-01-01 15:37:00,56.26,40.8,NORMAL
2024-01-01 15:38:00,44.13,2.6,NORMAL
2024-01-01 15:39:00,43.74,8.8,NORMAL
2024-01-01 15:40:00,48.25,24.1,NORMAL
2024-01-01 15:41:00,43.4,4.7,NORMAL
2024-01-01 15:42:00,72.88,61.0,NORMAL
2024-01-01 15:43:00,48.15,11.7,NORMAL
2024-01-01 15:44:00,47.73,12.7,NORMAL
2024-01-01 15:45:00,44.62,7.4,NORMAL
2024-01-01 15:46:00,45.4,3.1,NORMAL
2024-01-01 15:47:00,41.53,14.5,NORMAL
2024-01-01 15:48:00,46.24,18.6,NORMAL
2024-01-01 15:49:00,46.59,4.0,NORMAL
2024-01-01 15:50:00,57.65,34.0,NORMAL
2024-01-01 15:51:00,44.54,15.2,NORMAL
2024-01-01 15:52:00,43.89,6.9,NORMAL
2024-01-01 15:53:00,71.63,66.8,NORMAL
2024-01-01 15:54:00,46.93,10.2,NORMAL
2024-01-01 15:55:00,57.59,34.2,NORMAL
2024-01-01 15:56:00,46.01,10.6,NORMAL
2024-01-01 15:57:00,71.85,59.2,NORMAL
2024-01-01 15:58:00,47.34,8.3,NORMAL
2024-01-01 15:59:00,93.14,95.4,THROTTLE
2024-01-01 16:00:00,46.17,15.2,NORMAL
2024-01-01 16:01:00,45.52,2.9,NORMAL
2024-01-01 16:02:00,43.53,8.2,NORMAL
2024-01-01 16:03:00,42.77,8.4,NORMAL
2024-01-01 16:04:00,47.61,11.9,NORMAL
2024-01-01 16:05:00,58.23,34.8,NORMAL
2024-01-01 16:06:00,47.01,0.0,NORMAL
2024-01-01 16:07:00,48.49,6.3,NORMAL
2024-01-01 16:08:00,59.04,30.7,NORMAL
2024-01-01 16:09:00,56.44,34.6,NORMAL
2024-01-01 16:10:00,42.04,9.0,NORMAL
2024-01-01 16:11:00,46.99,5.6,NORMAL
2024-01-01 16:12:00,92.03,100.0,THROTTLE
2024-01-01 16:13:00,73.84,59.0,NORMAL
2024-01-01 16:14:00,41.42,11.3,NORMAL
2024-01-01 16:15:00,47.37,9.1,NORMAL
2024-01-01 16:16:00,55.07,36.5,NORMAL
2024-01-01 16:17:00,76.24,88.1,NORMAL
2024-01-01 16:18:00,59.38,37.2,NORMAL
2024-01-01 16:19:00,43.1,0.0,NORMAL
2024-01-01 16:20:00,74.52,68.2,NORMAL
2024-01-01 16:21:00,43.79,8.3,NORMAL
2024-01-01 16:22:00,73.97,63.0,NORMAL
2024-01-01 16:23:00,44.03,9.5,NORMAL
2024-01-01 16:24:00,53.36,34.8,NORMAL
2024-01-01 16:25:00,58.34,37.0,NORMAL
2024-01-01 16:26:00,45.33,9.3,NORMAL
2024-01-01 16:27:00,43.17,11.6,NORMAL
2024-01-01 16:28:00,43.95,15.7,NORMAL
2024-01-01 16:29:00,45.02,11.4,NORMAL
2024-01-01 16:30:00,58.05,40.9,NORMAL
2024-01-01 16:31:00,70.87,56.0,NORMAL
2024-01-01 16:32:00,56.74,33.0,NORMAL
2024-01-01 16:33:00,46.04,10.7,NORMAL
2024-01-01 16:34:00,47.24,6.7,NORMAL
2024-01-01 16:35:00,56.68,27.7,NORMAL
2024-01-01 16:36:00,90.33,100.0,THROTTLE
2024-01-01 16:37:00,43.3,6.0,NORMAL
2024-01-01 16:38:00,42.55,10.2,NORMAL
2024-01-01 16:39:00,43.93,9.9,NORMAL
2024-01-01 16:40:00,71.63,68.9,NORMAL
2024-01-01 16:41:00,58.09,28.0,NORMAL
2024-01-01 16:42:00,59.44,29.6,NORMAL
2024-01-01 16:43:00,44.48,3.9,NORMAL
2024-01-01 16:44:00,46.81,7.8,NORMAL
2024-01-01 16:45:00,91.24,100.0,THROTTLE
2024-01-01 16:46:00,47.17,11.1,NORMAL
2024-01-01 16:47:00,71.36,74.0,NORMAL
2024-01-01 16:48:00,45.88,15.8,NORMAL
2024-01-01 16:49:00,49.24,0.0,NORMAL
2024-01-01 16:50:00,45.46,6.8,NORMAL
2024-01-01 16:51:00,43.86,16.9,NORMAL
2024-01-01 16:52:00,49.54,4.6,NORMAL
2024-01-01 16:53:00,42.71,6.2,NORMAL
2024-01-01 16:54:00,61.03,34.1,NORMAL
2024-01-01 16:55:00,45.78,15.1,NORMAL
2024-01-01 16:56:00,45.5,9.2,NORMAL
2024-01-01 16:57:00,42.32,14.7,NORMAL
2024-01-01 16:58:00,44.12,11.0,NORMAL
2024-01-01 16:59:00,91.59,100.0,THROTTLE
2024-01-01 17:00:00,43.69,12.4,NORMAL
2024-01-01 17:01:00,42.69,16.2,NORMAL
2024-01-01 17:02:00,75.42,64.0,NORMAL
2024-01-01 17:03:00,43.77,17.5,NORMAL
2024-01-01 17:04:00,56.87,40.2,NORMAL
2024-01-01 17:05:00,45.02,1.0,NORMAL
2024-01-01 17:06:00,46.78,10.2,NORMAL
2024-01-01 17:07:00,44.98,15.7,NORMAL
2024-01-01 17:08:00,44.42,0.0,NORMAL
2024-01-01 17:09:00,46.46,18.7,NORMAL
2024-01-01 17:10:00,45.75,0.6,NORMAL
2024-01-01 17:11:00,44.77,1.1,NORMAL
2024-01-01 17:12:00,47.16,8.9,NORMAL
2024-01-01 17:13:00,46.64,14.2,NORMAL
2024-01-01 17:14:00,42.79,19.1,NORMAL
2024-01-01 17:15:00,57.49,28.1,NORMAL
2024-01-01 17:16:00,73.35,67.0,NORMAL
2024-01-01 17:17:00,43.77,18.0,NORMAL
2024-01-01 17:18:00,49.17,12.8,NORMAL
2024-01-01 17:19:00,44.04,3.1,NORMAL
2024-01-01 17:20:00,45.55,8.4,NORMAL
2024-01-01 17:21:00,47.72,10.6,NORMAL
2024-01-01 17:22:00,90.66,100.0,THROTTLE
2024-01-01 17:23:00,46.59,8.5,NORMAL
2024-01-01 17:24:00,59.57,34.8,NORMAL
2024-01-01 17:25:00,45.69,14.9,NORMAL
2024-01-01 17:26:00,93.92,100.0,THROTTLE
2024-01-01 17:27:00,46.38,11.4,NORMAL
2024-01-01 17:28:00,42.61,12.3,NORMAL
2024-01-01 17:29:00,91.62,100.0,THROTTLE
2024-01-01 17:30:00,45.96,9.6,NORMAL
2024-01-01 17:31:00,60.33,31.5,NORMAL
2024-01-01 17:32:00,47.01,7.4,NORMAL
2024-01-01 17:33:00,44.48,7.6,NORMAL
2024-01-01 17:34:00,55.96,27.4,NORMAL
2024-01-01 17:35:00,43.83,13.8,NORMAL
2024-01-01 17:36:00,73.15,73.4,NORMAL
2024-01-01 17:37:00,44.67,20.4,NORMAL
2024-01-01 17:38:00,45.24,7.9,NORMAL
2024-01-01 17:39:00,57.24,36.0,NORMAL
2024-01-01 17:40:00,42.29,6.6,NORMAL
2024-01-01 17:41:00,44.31,14.6,NORMAL
2024-01-01 17:42:00,45.33,7.0,NORMAL
2024-01-01 17:43:00,75.64,61.5,NORMAL
2024-01-01 17:44:00,45.07,7.2,NORMAL
2024-01-01 17:45:00,45.0,7.5,NORMAL
2024-01-01 17:46:00,45.37,5.4,NORMAL
2024-01-01 17:47:00,57.82,38.2,NORMAL
2024-01-01 17:48:00,46.78,11.5,NORMAL
2024-01-01 17:49:00,71.88,48.9,NORMAL
2024-01-01 17:50:00,42.33,21.8,NORMAL
2024-01-01 17:51:00,44.38,6.1,NORMAL
2024-01-01 17:52:00,57.61,34.2,NORMAL
2024-01-01 17:53:00,58.85,29.7,NORMAL
2024-01-01 17:54:00,45.35,7.2,NORMAL
2024-01-01 17:55:00,43.78,1.4,NORMAL
2024-01-01 17:56:00,47.25,10.8,NORMAL
2024-01-01 17:57:00,43.43,10.4,NORMAL
2024-01-01 17:58:00,45.12,15.5,NORMAL
2024-01-01 17:59:00,74.72,59.7,NORMAL
2024-01-01 18:00:00,43.64,4.4,NORMAL
2024-01-01 18:01:00,58.65,38.0,NORMAL
2024-01-01 18:02:00,57.13,35.5,NORMAL
2024-01-01 18:03:00,47.6,5.4,NORMAL
2024-01-01 18:04:00,57.98,26.8,NORMAL
2024-01-01 18:05:00,55.32,31.7,NORMAL
2024-01-01 18:06:00,71.99,66.6,NORMAL
2024-01-01 18:07:00,46.34,9.5,NORMAL
2024-01-01 18:08:00,70.22,59.8,NORMAL
2024-01-01 18:09:00,91.72,100.0,THROTTLE
2024-01-01 18:10:00,57.55,23.9,NORMAL
2024-01-01 18:11:00,47.47,11.3,NORMAL
2024-01-01 18:12:00,56.26,34.1,NORMAL
2024-01-01 18:13:00,57.14,30.3,NORMAL
2024-01-01 18:14:00,45.55,9.5,NORMAL
2024-01-01 18:15:00,43.74,6.0,NORMAL
2024-01-01 18:16:00,58.01,35.8,NORMAL
2024-01-01 18:17:00,71.39,67.8,NORMAL
2024-01-01 18:18:00,46.77,11.8,NORMAL
2024-01-01 18:19:00,43.73,1.5,NORMAL
2024-01-01 18:20:00,48.7,13.0,NORMAL
2024-01-01 18:21:00,71.78,60.4,NORMAL
2024-01-01 18:22:00,44.62,8.7,NORMAL
2024-01-01 18:23:00,44.29,5.9,NORMAL
2024-01-01 18:24:00,40.74,6.0,NORMAL
2024-01-01 18:25:00,44.29,10.6,NORMAL
2024-01-01 18:26:00,48.22,13.2,NORMAL
2024-01-01 18:27:00,45.82,10.6,NORMAL
2024-01-01 18:28:00,44.38,13.8,NORMAL
2024-01-01 18:29:00,58.67,31.3,NORMAL
2024-01-01 18:30:00,56.94,32.4,NORMAL
2024-01-01 18:31:00,44.05,3.5,NORMAL
2024-01-01 18:32:00,42.9,0.2,NORMAL
2024-01-01 18:33:00,44.54,4.7,NORMAL
2024-01-01 18:34:00,47.29,1.6,NORMAL
2024-01-01 18:35:00,46.59,7.5,NORMAL
2024-01-01 18:36:00,44.21,11.7,NORMAL
2024-01-01 18:37:00,47.64,9.9,NORMAL
2024-01-01 18:38:00,50.4,10.0,NORMAL
2024-01-01 18:39:00,43.54,15.8,NORMAL
2024-01-01 18:40:00,47.55,3.5,NORMAL
2024-01-01 18:41:00,43.09,10.9,NORMAL
2024-01-01 18:42:00,46.06,19.2,NORMAL
2024-01-01 18:43:00,59.37,34.0,NORMAL
2024-01-01 18:44:00,46.23,14.5,NORMAL
2024-01-01 18:45:00,46.38,20.6,NORMAL
2024-01-01 18:46:00,60.21,34.6,NORMAL
2024-01-01 18:47:00,54.64,33.2,NORMAL
2024-01-01 18:48:00,57.86,30.6,NORMAL
2024-01-01 18:49:00,43.38,14.8,NORMAL
2024-01-01 18:50:00,46.45,10.4,NORMAL
2024-01-01 18:51:00,41.47,1.8,NORMAL
2024-01-01 18:52:00,43.77,7.5,NORMAL
2024-01-01 18:53:00,42.17,14.4,NORMAL
2024-01-01 18:54:00,44.34,7.1,NORMAL
2024-01-01 18:55:00,69.92,67.6,NORMAL
2024-01-01 18:56:00,59.19,38.9,NORMAL
2024-01-01 18:57:00,45.35,16.1,NORMAL
2024-01-01 18:58:00,73.27,64.4,NORMAL
2024-01-01 18:59:00,43.7,15.5,NORMAL
2024-01-01 19:00:00,43.14,11.5,NORMAL
2024-01-01 19:01:00,71.46,67.0,NORMAL
2024-01-01 19:02:00,45.86,11.4,NORMAL
2024-01-01 19:03:00,41.94,6.9,NORMAL
2024-01-01 19:04:00,61.16,32.9,NORMAL
2024-01-01 19:05:00,73.81,69.4,NORMAL
2024-01-01 19:06:00,71.03,61.7,NORMAL
2024-01-01 19:07:00,73.76,71.8,NORMAL
2024-01-01 19:08:00,44.8,16.6,NORMAL
2024-01-01 19:09:00,48.7,5.5,NORMAL
2024-01-01 19:10:00,41.99,5.3,NORMAL
2024-01-01 19:11:00,56.58,26.8,NORMAL
2024-01-01 19:12:00,72.61,71.0,NORMAL
2024-01-01 19:13:00,47.23,11.0,NORMAL
2024-01-01 19:14:00,91.81,100.0,THROTTLE
2024-01-01 19:15:00,49.99,6.0,NORMAL
2024-01-01 19:16:00,44.27,0.0,NORMAL
2024-01-01 19:17:00,44.19,0.0,NORMAL
2024-01-01 19:18:00,56.78,36.8,NORMAL
2024-01-01 19:19:00,45.28,11.7,NORMAL
2024-01-01 19:20:00,48.13,18.5,NORMAL
2024-01-01 19:21:00,68.78,65.2,NORMAL
2024-01-01 19:22:00,44.98,5.0,NORMAL
2024-01-01 19:23:00,72.27,69.8,NORMAL
2024-01-01 19:24:00,46.44,9.5,NORMAL
2024-01-01 19:25:00,72.34,62.4,NORMAL
2024-01-01 19:26:00,44.82,19.1,NORMAL
2024-01-01 19:27:00,44.75,6.4,NORMAL
2024-01-01 19:28:00,44.47,12.4,NORMAL
2024-01-01 19:29:00,72.82,58.3,NORMAL
2024-01-01 19:30:00,44.78,13.9,NORMAL
2024-01-01 19:31:00,72.21,63.7,NORMAL
2024-01-01 19:32:00,46.37,7.9,NORMAL
2024-01-01 19:33:00,44.02,7.1,NORMAL
2024-01-01 19:34:00,46.69,13.9,NORMAL
2024-01-01 19:35:00,74.37,54.3,NORMAL
2024-01-01 19:36:00,55.27,27.2,NORMAL
2024-01-01 19:37:00,56.09,37.5,NORMAL
2024-01-01 19:38:00,43.93,12.7,NORMAL
2024-01-01 19:39:00,56.52,29.9,NORMAL
2024-01-01 19:40:00,46.17,0.0,NORMAL
2024-01-01 19:41:00,43.87,7.9,NORMAL
2024-01-01 19:42:00,53.37,29.8,NORMAL
2024-01-01 19:43:00,56.94,35.9,NORMAL
2024-01-01 19:44:00,45.98,12.6,NORMAL
2024-01-01 19:45:00,46.22,11.5,NORMAL
2024-01-01 19:46:00,46.34,1.7,NORMAL
2024-01-01 19:47:00,45.52,16.9,NORMAL
2024-01-01 19:48:00,43.75,7.3,NORMAL
2024-01-01 19:49:00,54.1,30.9,NORMAL
2024-01-01 19:50:00,45.08,13.9,NORMAL
2024-01-01 19:51:00,61.19,39.0,NORMAL
2024-01-01 19:52:00,58.01,36.5,NORMAL
2024-01-01 19:53:00,43.45,12.1,NORMAL
2024-01-01 19:54:00,44.69,15.2,NORMAL
2024-01-01 19:55:00,46.73,6.2,NORMAL
2024-01-01 19:56:00,45.21,3.1,NORMAL
2024-01-01 19:57:00,45.48,17.8,NORMAL
2024-01-01 19:58:00,56.95,40.5,NORMAL
2024-01-01 19:59:00,47.71,10.0,NORMAL
2024-01-01 20:00:00,73.41,74.0,NORMAL
2024-01-01 20:01:00,46.75,15.4,NORMAL
2024-01-01 20:02:00,45.16,16.2,NORMAL
2024-01-01 20:03:00,44.52,8.3,NORMAL
2024-01-01 20:04:00,71.43,70.0,NORMAL
2024-01-01 20:05:00,42.35,5.2,NORMAL
2024-01-01 20:06:00,42.7,6.6,NORMAL
2024-01-01 20:07:00,43.68,13.4,NORMAL
2024-01-01 20:08:00,46.28,9.6,NORMAL
2024-01-01 20:09:00,44.08,10.5,NORMAL
2024-01-01 20:10:00,44.26,3.4,NORMAL
2024-01-01 20:11:00,58.15,43.5,NORMAL
2024-01-01 20:12:00,44.7,5.9,NORMAL
2024-01-01 20:13:00,46.44,10.2,NORMAL
2024-01-01 20:14:00,43.65,14.0,NORMAL
2024-01-01 20:15:00,46.35,5.1,NORMAL
2024-01-01 20:16:00,56.41,26.1,NORMAL
2024-01-01 20:17:00,44.67,5.5,NORMAL
2024-01-01 20:18:00,49.28,15.9,NORMAL
2024-01-01 20:19:00,72.37,60.9,NORMAL
2024-01-01 20:20:00,44.44,13.4,NORMAL
2024-01-01 20:21:00,47.73,10.6,NORMAL
2024-01-01 20:22:00,45.25,9.1,NORMAL
2024-01-01 20:23:00,46.71,9.2,NORMAL
2024-01-01 20:24:00,47.44,10.5,NORMAL
2024-01-01 20:25:00,45.18,8.7,NORMAL
2024-01-01 20:26:00,42.75,2.3,NORMAL
2024-01-01 20:27:00,58.89,30.4,NORMAL
2024-01-01 20:28:00,54.75,33.6,NORMAL
2024-01-01 20:29:00,43.68,5.3,NORMAL
2024-01-01 20:30:00,57.09,29.5,NORMAL
2024-01-01 20:31:00,46.67,7.1,NORMAL
2024-01-01 20:32:00,92.81,100.0,THROTTLE
2024-01-01 20:33:00,70.61,70.5,NORMAL
2024-01-01 20:34:00,57.76,34.5,NORMAL
2024-01-01 20:35:00,57.31,30.8,NORMAL
2024-01-01 20:36:00,85.6,98.2,THROTTLE
2024-01-01 20:37:00,88.89,98.8,THROTTLE
2024-01-01 20:38:00,45.57,15.6,NORMAL
2024-01-01 20:39:00,61.49,31.0,NORMAL
2024-01-01 20:40:00,47.27,7.2,NORMAL
2024-01-01 20:41:00,44.7,12.2,NORMAL
2024-01-01 20:42:00,73.5,71.1,NORMAL
2024-01-01 20:43:00,46.51,3.8,NORMAL
2024-01-01 20:44:00,43.53,3.8,NORMAL
2024-01-01 20:45:00,41.02,17.7,NORMAL
2024-01-01 20:46:00,40.86,10.2,NORMAL
2024-01-01 20:47:00,59.18,37.3,NORMAL
2024-01-01 20:48:00,46.45,11.7,NORMAL
2024-01-01 20:49:00,44.96,6.6,NORMAL
2024-01-01 20:50:00,45.17,11.9,NORMAL
2024-01-01 20:51:00,47.17,5.8,NORMAL
2024-01-01 20:52:00,42.08,9.0,NORMAL
2024-01-01 20:53:00,43.18,0.0,NORMAL
2024-01-01 20:54:00,45.46,3.7,NORMAL
2024-01-01 20:55:00,44.56,11.8,NORMAL
2024-01-01 20:56:00,43.9,8.9,NORMAL
2024-01-01 20:57:00,76.11,63.9,NORMAL
2024-01-01 20:58:00,55.72,38.4,NORMAL
2024-01-01 20:59:00,59.35,26.5,NORMAL
2024-01-01 21:00:00,48.28,4.9,NORMAL
2024-01-01 21:01:00,54.82,30.8,NORMAL
2024-01-01 21:02:00,47.01,0.8,NORMAL
2024-01-01 21:03:00,49.48,5.2,NORMAL
2024-01-01 21:04:00,43.64,4.3,NORMAL
2024-01-01 21:05:00,74.73,66.3,NORMAL
2024-01-01 21:06:00,56.74,26.9,NORMAL
2024-01-01 21:07:00,46.72,2.6,NORMAL
2024-01-01 21:08:00,46.22,6.8,NORMAL
2024-01-01 21:09:00,40.71,2.7,NORMAL
2024-01-01 21:10:00,57.59,41.2,NORMAL
2024-01-01 21:11:00,48.17,7.2,NORMAL
2024-01-01 21:12:00,46.21,16.0,NORMAL
2024-01-01 21:13:00,43.9,7.3,NORMAL
2024-01-01 21:14:00,43.8,5.2,NORMAL
2024-01-01 21:15:00,44.01,6.7,NORMAL
2024-01-01 21:16:00,44.8,8.9,NORMAL
2024-01-01 21:17:00,57.59,32.2,NORMAL
2024-01-01 21:18:00,46.68,11.3,NORMAL
2024-01-01 21:19:00,42.39,6.2,NORMAL
2024-01-01 21:20:00,59.03,36.1,NORMAL
2024-01-01 21:21:00,42.49,9.6,NORMAL
2024-01-01 21:22:00,47.15,4.7,NORMAL
2024-01-01 21:23:00,57.54,36.7,NORMAL
2024-01-01 21:24:00,46.18,7.5,NORMAL
2024-01-01 21:25:00,73.57,66.1,NORMAL
2024-01-01 21:26:00,44.97,9.8,NORMAL
2024-01-01 21:27:00,45.03,0.8,NORMAL
2024-01-01 21:28:00,45.07,21.8,NORMAL
2024-01-01 21:29:00,59.05,34.5,NORMAL
2024-01-01 21:30:00,45.15,10.9,NORMAL
2024-01-01 21:31:00,72.49,64.8,NORMAL
2024-01-01 21:32:00,45.15,5.3,NORMAL
2024-01-01 21:33:00,46.97,13.0,NORMAL
2024-01-01 21:34:00,43.07,12.2,NORMAL
2024-01-01 21:35:00,69.45,69.5,NORMAL
2024-01-01 21:36:00,58.22,29.4,NORMAL
2024-01-01 21:37:00,54.44,24.2,NORMAL
2024-01-01 21:38:00,91.01,100.0,THROTTLE
2024-01-01 21:39:00,46.17,6.3,NORMAL
2024-01-01 21:40:00,45.43,12.1,NORMAL
2024-01-01 21:41:00,44.48,2.3,NORMAL
2024-01-01 21:42:00,72.36,72.9,NORMAL
2024-01-01 21:43:00,48.04,10.4,NORMAL
2024-01-01 21:44:00,43.17,16.1,NORMAL
2024-01-01 21:45:00,46.16,13.3,NORMAL
2024-01-01 21:46:00,46.38,9.0,NORMAL
2024-01-01 21:47:00,45.7,10.5,NORMAL
2024-01-01 21:48:00,54.4,31.9,NORMAL
2024-01-01 21:49:00,43.86,15.8,NORMAL
2024-01-01 21:50:00,45.12,9.3,NORMAL
2024-01-01 21:51:00,56.39,28.2,NORMAL
2024-01-01 21:52:00,45.28,9.8,NORMAL
2024-01-01 21:53:00,39.34,6.6,NORMAL
2024-01-01 21:54:00,47.58,12.3,NORMAL
2024-01-01 21:55:00,45.79,4.7,NORMAL
2024-01-01 21:56:00,42.48,12.3,NORMAL
2024-01-01 21:57:00,43.83,6.9,NORMAL
2024-01-01 21:58:00,91.96,100.0,THROTTLE
2024-01-01 21:59:00,57.59,36.1,NORMAL
2024-01-01 22:00:00,44.56,11.7,NORMAL
2024-01-01 22:01:00,53.97,38.7,NORMAL
2024-01-01 22:02:00,74.18,55.0,NORMAL
2024-01-01 22:03:00,74.06,68.4,NORMAL
2024-01-01 22:04:00,44.78,8.1,NORMAL
2024-01-01 22:05:00,44.64,15.1,NORMAL
2024-01-01 22:06:00,56.32,30.5,NORMAL
2024-01-01 22:07:00,54.17,34.3,NORMAL
2024-01-01 22:08:00,45.13,20.3,NORMAL
2024-01-01 22:09:00,43.56,14.1,NORMAL
2024-01-01 22:10:00,48.2,11.8,NORMAL
2024-01-01 22:11:00,42.23,14.4,NORMAL
2024-01-01 22:12:00,44.6,12.3,NORMAL
2024-01-01 22:13:00,46.41,19.0,NORMAL
2024-01-01 22:14:00,42.67,15.1,NORMAL
2024-01-01 22:15:00,93.07,100.0,THROTTLE
2024-01-01 22:16:00,43.3,6.0,NORMAL
2024-01-01 22:17:00,50.43,15.4,NORMAL
2024-01-01 22:18:00,76.77,54.7,NORMAL
2024-01-01 22:19:00,53.72,29.6,NORMAL
2024-01-01 22:20:00,55.17,41.1,NORMAL
2024-01-01 22:21:00,48.38,14.2,NORMAL
2024-01-01 22:22:00,43.84,3.7,NORMAL
2024-01-01 22:23:00,56.46,25.5,NORMAL
2024-01-01 22:24:00,44.04,7.5,NORMAL
2024-01-01 22:25:00,42.24,3.9,NORMAL
2024-01-01 22:26:00,58.06,36.1,NORMAL
2024-01-01 22:27:00,61.55,27.4,NORMAL
2024-01-01 22:28:00,41.56,0.0,NORMAL
2024-01-01 22:29:00,44.35,13.0,NORMAL
2024-01-01 22:30:00,45.84,6.5,NORMAL
2024-01-01 22:31:00,45.79,4.3,NORMAL
2024-01-01 22:32:00,44.81,10.9,NORMAL
2024-01-01 22:33:00,55.77,34.2,NORMAL
2024-01-01 22:34:00,57.34,30.9,NORMAL
2024-01-01 22:35:00,73.58,58.6,NORMAL
2024-01-01 22:36:00,44.46,8.2,NORMAL
2024-01-01 22:37:00,59.29,34.8,NORMAL
2024-01-01 22:38:00,42.11,4.6,NORMAL
2024-01-01 22:39:00,41.47,13.6,NORMAL
2024-01-01 22:40:00,45.11,11.3,NORMAL
2024-01-01 22:41:00,44.4,7.0,NORMAL
2024-01-01 22:42:00,48.26,2.9,NORMAL
2024-01-01 22:43:00,42.37,6.3,NORMAL
2024-01-01 22:44:00,53.23,37.0,NORMAL
2024-01-01 22:45:00,43.17,15.3,NORMAL
2024-01-01 22:46:00,46.74,11.0,NORMAL
2024-01-01 22:47:00,44.86,11.2,NORMAL
2024-01-01 22:48:00,61.0,34.7,NORMAL
2024-01-01 22:49:00,42.44,15.3,NORMAL
2024-01-01 22:50:00,44.89,14.4,NORMAL
2024-01-01 22:51:00,42.35,6.6,NORMAL
2024-01-01 22:52:00,42.93,12.3,NORMAL
2024-01-01 22:53:00,45.11,9.0,NORMAL
2024-01-01 22:54:00,45.96,3.6,NORMAL
2024-01-01 22:55:00,49.7,0.0,NORMAL
2024-01-01 22:56:00,42.06,16.2,NORMAL
2024-01-01 22:57:00,56.76,39.4,NORMAL
2024-01-01 22:58:00,44.77,19.0,NORMAL
2024-01-01 22:59:00,45.65,17.3,NORMAL
2024-01-01 23:00:00,43.15,4.4,NORMAL
2024-01-01 23:01:00,54.26,29.4,NORMAL
2024-01-01 23:02:00,45.58,6.2,NORMAL
2024-01-01 23:03:00,56.1,31.6,NORMAL
2024-01-01 23:04:00,44.6,6.7,NORMAL
2024-01-01 23:05:00,44.28,14.1,NORMAL
2024-01-01 23:06:00,44.06,9.8,NORMAL
2024-01-01 23:07:00,44.34,2.7,NORMAL
2024-01-01 23:08:00,46.48,12.9,NORMAL
2024-01-01 23:09:00,44.91,3.0,NORMAL
2024-01-01 23:10:00,42.82,2.1,NORMAL
2024-01-01 23:11:00,45.26,11.6,NORMAL
2024-01-01 23:12:00,42.54,11.0,NORMAL
2024-01-01 23:13:00,57.41,33.8,NORMAL
2024-01-01 23:14:00,46.74,10.1,NORMAL
2024-01-01 23:15:00,45.82,8.7,NORMAL
2024-01-01 23:16:00,58.8,39.9,NORMAL
2024-01-01 23:17:00,42.32,10.7,NORMAL
2024-01-01 23:18:00,74.11,67.9,NORMAL
2024-01-01 23:19:00,43.97,16.8,NORMAL
2024-01-01 23:20:00,57.9,38.0,NORMAL
2024-01-01 23:21:00,44.53,12.7,NORMAL
2024-01-01 23:22:00,47.37,8.1,NORMAL
2024-01-01 23:23:00,43.93,17.5,NORMAL
2024-01-01 23:24:00,43.45,12.0,NORMAL
2024-01-01 23:25:00,74.46,65.0,NORMAL
2024-01-01 23:26:00,48.36,13.7,NORMAL
2024-01-01 23:27:00,46.11,15.9,NORMAL
2024-01-01 23:28:00,43.66,8.5,NORMAL
2024-01-01 23:29:00,46.51,12.5,NORMAL
2024-01-01 23:30:00,46.58,4.3,NORMAL
2024-01-01 23:31:00,41.24,8.4,NORMAL
2024-01-01 23:32:00,46.65,11.0,NORMAL
2024-01-01 23:33:00,93.59,100.0,THROTTLE
2024-01-01 23:34:00,44.1,14.0,NORMAL
2024-01-01 23:35:00,60.43,33.4,NORMAL
2024-01-01 23:36:00,56.42,33.8,NORMAL
2024-01-01 23:37:00,74.6,64.2,NORMAL
2024-01-01 23:38:00,48.49,8.9,NORMAL
2024-01-01 23:39:00,48.57,8.3,NORMAL
2024-01-01 23:40:00,45.74,3.6,NORMAL
2024-01-01 23:41:00,44.74,15.0,NORMAL
2024-01-01 23:42:00,42.34,12.2,NORMAL
2024-01-01 23:43:00,94.43,100.0,THROTTLE
2024-01-01 23:44:00,55.57,37.1,NORMAL
2024-01-01 23:45:00,46.86,14.1,NORMAL
2024-01-01 23:46:00,58.9,35.6,NORMAL
2024-01-01 23:47:00,44.86,8.4,NORMAL
2024-01-01 23:48:00,76.44,72.3,NORMAL
2024-01-01 23:49:00,44.87,8.6,NORMAL
2024-01-01 23:50:00,74.69,67.1,NORMAL
2024-01-01 23:51:00,67.88,74.3,NORMAL
2024-01-01 23:52:00,44.4,21.4,NORMAL
2024-01-01 23:53:00,45.3,13.8,NORMAL
2024-01-01 23:54:00,47.5,7.7,NORMAL
2024-01-01 23:55:00,56.89,43.5,NORMAL
2024-01-01 23:56:00,44.94,3.0,NORMAL
2024-01-01 23:57:00,43.63,7.0,NORMAL
2024-01-01 23:58:00,46.42,15.0,NORMAL
2024-01-01 23:59:00,75.92,65.1,NORMAL
